id,situacao,loja,pedido,valor do pedido,cidade,logistica,data,entrada,vendedor,tranferencia,faturamento,data/hora faturamento,unnamed: 13,responsavel,saida,entregue data,entregue hora,pedidos para entregar: 696,pgt entrega?,observação,veículo,recolheu,hora recolhida,valor_numerico
3260,NORMAL,NLC,8507049,"R$ 516,01",NOVO ORIENTE,ENTREGUE,2026-03-08,12:21:00,GEISI,Transferido,Faturado,03/08/2026 12:22:39,,,,,,,,,,,,516.01
3265,NORMAL,NLC,8507062,"R$ 49,99",ROSARIO,ENTREGUE,2026-03-08,17:09:00,GEISI,Transferido,Faturado,03/08/2026 17:09:34,,,,,,,,,,,,49.99
3266,NORMAL,NLC,8507059,"R$ 1.105,20",SUCESSO,ENTREGUE,2026-03-08,17:15:00,GEISI,Transferido,Faturado,04/08/2026 07:25:00,,JULIO,,17/08/26,10:55,,,,KIA BONGO,,,1105.2
3268,URGENTE,HC,12608428,"R$ 50,00",SAO GONCALO,ENTREGUE,2026-04-08,08:13:00,LEONARDO,Transferido,Faturado,04/08/2026 08:13:54,,,,,,,,,,,,50.0
3273,CARRO HORARIO,HC,12608347,"R$ 595,82",LAGOA DAS PEDRAS,ENTREGUE,2026-04-08,08:57:00,MASCILON,Transferido,Faturado,04/08/2026 08:57:47,,,,04/08/26,12:12,,,,,,,595.82
3279,NORMAL,HC,12608454,"R$ 927,99",INDEPENDENCIA,ENTREGUE,2026-04-08,10:20:00,CAMILA,Transferido,Faturado,04/08/2026 10:20:14,,VICTOR,,20/08/26,12:32,,,,(N) ACELLO 815 156 CV,,,927.99
3283,NORMAL,HC,12608467,"R$ 886,88",NOVO ORIENTE,ENTREGUE,2026-04-08,12:46:00,MASCILON,Transferido,Faturado,04/08/2026 12:46:49,,,,,,,,,,,,886.88
3293,NORMAL,NLC,8507028,"R$ 3.112,00",NOVA RUSSAS,ENTREGUE,2026-04-08,15:25:00,GEISI,Transferido,Faturado,04/08/2026 15:25:27,,,,05/08/26,11:51,,,,,,,3112.0
3295,NORMAL,NLC,8507076,"R$ 8.080,00",REALEJO,ENTREGUE,2026-04-08,16:10:00,GEISI,Transferido,Faturado,04/08/2026 17:28:27,,VICTOR,,13/08/26,09:31,,,,(N) ACELLO 815 156 CV,,,8080.0
3299,NORMAL,HC,12608512,"R$ 715,00",BURITI DOS MONTES,ENTREGUE,2026-04-08,17:25:00,CAMILA,Transferido,Faturado,04/08/2026 17:26:06,,VICTOR,,25/08/26,10:28,,,,(N) ACELLO 815 156 CV,,,715.0
3302,NORMAL,HC,12608521,"R$ 999,00",TAMBORIL,ENTREGUE,2026-05-08,07:39:00,LIMA,Transferido,Faturado,05/08/2026 07:41:50,,JULIO,,26/08/26,11:04,,,,KIA BONGO,,,999.0
3315,NORMAL,HC,12608571,"R$ 235,50",NOVO ORIENTE,ENTREGUE,2026-05-08,12:47:00,MASCILON,Transferido,Faturado,05/08/2026 12:48:33,,VICTOR,,18/08/26,14:02,,,,(N) ACELLO 815 156 CV,,,235.5
3339,NORMAL,HC,12608643,"R$ 666,00",BURITI DOS MONTES,ENTREGUE,2026-06-08,09:25:00,MASCILON,Transferido,Faturado,06/08/2026 09:28:26,,,,,,,,,,,,666.0
3341,NORMAL,HC,12608649,"R$ 44,70",BURITI DOS MONTES,ENTREGUE,2026-06-08,09:55:00,MASCILON,Transferido,Faturado,06/08/2026 09:55:55,,,,,,,,,,,,44.7
3351,NORMAL,HC,12608673,"R$ 3.660,00",NOVA RUSSAS,ENTREGUE,2026-06-08,12:42:00,LIMA,Transferido,Faturado,06/08/2026 12:42:44,,,,07/08/26,13:06,,,,,,,3660.0
3352,NORMAL,HC,12608676,"R$ 1.960,00",MONTE NEBO,ENTREGUE,2026-06-08,12:48:00,CAMILA,Transferido,Faturado,06/08/2026 12:48:15,,VICTOR,,13/08/26,12:23,,,,(N) ACELLO 815 156 CV,ZEZINHO,07/08/2026 09:05:47,1960.0
3356,NORMAL,NLC,8507108,"R$ 3.110,00",IPAPORANGA,ENTREGUE,2026-06-08,14:29:00,GEISI,Transferido,Faturado,06/08/2026 14:29:40,,VICTOR,,11/08/26,14:30,,,,(N) ACELLO 815 156 CV,,,3110.0
3358,CARRO HORARIO,NLC,8507110,"R$ 535,00",BURITI DOS MONTES,ENTREGUE,2026-06-08,15:19:00,GEISI,Transferido,Faturado,07/08/2026 07:44:09,,,,,,,,,,,,535.0
3363,NORMAL,HC,12608715,"R$ 44,70",BURITI DOS MONTES,ENTREGUE,2026-06-08,17:47:00,MASCILON,Transferido,Faturado,06/08/2026 17:47:38,,,,,,,,,,,,44.7
3366,TOPIQUE,HC,12608725,"R$ 158,00",TAMBORIL,ENTREGUE,2026-06-08,07:53:00,CAMILA,Transferido,Faturado,07/08/2026 07:53:31,,,,,,,,,,ZEZINHO,07/08/2026 09:01:22,158.0
3381,NORMAL,HC,12608758,"R$ 6.328,17",PORANGA,AGENDADA,2026-07-08,16:24:00,MASCILON,Transferido,Faturado,07/08/2026 18:05:28,,,,,,,,,,FELIPE,10/08/2026 15:27:37,6328.17
3384,NORMAL,HC,12608774,"R$ 5.373,51",NOVO ORIENTE,ENTREGUE,2026-07-08,14:55:00,CAMILA,Transferido,Faturado,07/08/2026 14:59:01,,,,,,,,,,FELIPE,11/08/2026 10:52:24,5373.51
3386,NORMAL,HC,12608778,"R$ 348,00",ARARENDA,ENTREGUE,2026-07-08,15:38:00,CAMILA,Transferido,Faturado,07/08/2026 15:38:44,,VICTOR,,11/08/26,16:08,,,,(N) ACELLO 815 156 CV,FELIPE,11/08/2026 10:53:40,348.0
3390,NORMAL,HC,12608799,"R$ 3.821,92",MONTE NEBO,ENTREGUE,2026-07-08,17:35:00,MASCILON,Transferido,Faturado,07/08/2026 17:36:08,,VICTOR,,13/08/26,13:00,,,,(N) ACELLO 815 156 CV,FELIPE,10/08/2026 17:03:10,3821.92
3395,NORMAL,HC,12608813,"R$ 432,90",TUCUNS,ENTREGUE,2026-08-08,08:50:00,LIMA,Transferido,Faturado,08/08/2026 08:53:43,,,,08/08/26,09:36,,,,,FELIPE,10/08/2026 08:19:51,432.9
3397,NORMAL,NLC,8507141,"R$ 2.119,00",IPAPORANGA,ENTREGUE,2026-08-08,09:23:00,GEISI,Transferido,Faturado,08/08/2026 09:56:19,,VICTOR,,11/08/26,15:19,,,,(N) ACELLO 815 156 CV,,,2119.0
3403,NORMAL,HC,12608825,"R$ 7.702,25",IPAPORANGA,ENTREGUE,2026-08-08,10:12:00,MASCILON,Transferido,Faturado,08/08/2026 10:16:10,,VICTOR,,11/08/26,11:28,,,,(N) ACELLO 815 156 CV,FELIPE,10/08/2026 08:18:28,7702.25
3441,NORMAL,HC,12608911,"R$ 3.873,50",IPAPORANGA,ENTREGUE,2026-10-08,14:20:00,LEONARDO,Transferido,Faturado,10/08/2026 15:41:23,,JULIO,,21/08/26,10:48,,,,KIA BONGO,FELIPE,10/08/2026 16:58:04,3873.5
3446,NORMAL,NLC,8507168,"R$ 276,76",MONTE NEBO,ENTREGUE,2026-10-08,16:41:00,GEISI,Transferido,Faturado,10/08/2026 17:11:12,,VICTOR,,13/08/26,13:16,,,,(N) ACELLO 815 156 CV,,,276.76
3460,NORMAL,HC,12609000,"R$ 7.890,00",IPAPORANGA,ENTREGUE,2026-11-08,10:18:00,LIMA,Transferido,Faturado,11/08/2026 10:18:36,,VICTOR,,01/09/26,10:39,,,,(N) ACELLO 815 156 CV,FELIPE,11/08/2026 10:42:17,7890.0
3464,NORMAL,NLC,8507178,"R$ 1.295,00",INDEPENDENCIA,ENTREGUE,2026-11-08,11:44:00,GEISI,Transferido,Faturado,11/08/2026 13:06:41,,,,,,,,,,,,1295.0
3473,NORMAL,HC,12609041,"R$ 3.619,82",REALEJO,ENTREGUE,2026-11-08,14:31:00,CAMILA,Transferido,Faturado,11/08/2026 14:35:14,,VICTOR,,13/08/26,10:29,,,,(N) ACELLO 815 156 CV,ZEZINHO,13/08/2026 11:20:25,3619.82
3478,NORMAL,HC,12608999,"R$ 13.407,46",PORANGA,ENTREGUE,2026-11-08,16:55:00,MASCILON,Transferido,Faturado,11/08/2026 16:55:13,,,,,,,,,,ZEZINHO,13/08/2026 11:20:04,13407.46
3485,NORMAL,HC,12609069,"R$ 774,00",PAU DE OLEIO,ENTREGUE,2026-11-08,08:27:00,MASCILON,Transferido,Faturado,12/08/2026 08:28:11,,JULIO,,12/08/26,10:19,,,,KIA BONGO,ZEZINHO,13/08/2026 11:14:14,774.0
3488,NORMAL,NLC,8507191,"R$ 116,76",INDEPENDENCIA,ENTREGUE,2026-11-08,08:50:00,GEISI,Transferido,Faturado,12/08/2026 08:50:20,,VICTOR,,20/08/26,11:41,,,,(N) ACELLO 815 156 CV,,,116.76
3502,CARRO HORARIO,HC,12609150,"R$ 1.506,38",UMBURANA,ENTREGUE,2026-12-08,08:23:00,CAMILA,Transferido,Faturado,13/08/2026 08:26:36,,,,,,,,,,ZEZINHO,13/08/2026 11:11:12,1506.38
3511,CARRO HORARIO,HC,12609158,"R$ 2.260,60",IBIAPABA,ENTREGUE,2026-08-13,09:30:00,CAMILA,Transferido,Faturado,13/08/2026 09:36:08,,,,,,,,,,ZEZINHO,13/08/2026 11:09:58,2260.6
3516,NORMAL,HC,12609174,"R$ 1.480,00",SAO GONCALO,ENTREGUE,2026-08-13,10:48:00,LIMA,Transferido,Faturado,13/08/2026 10:49:07,,,,,,,,,,,,1480.0
3517,NORMAL,HC,12608740,"R$ 1.811,87",IPAPORANGA,ENTREGUE,2026-08-13,11:17:00,MASCILON,Transferido,Faturado,13/08/2026 11:17:40,,,,,,,,,,,,1811.87
3529,NORMAL,HC,12609230,"R$ 499,70",SITIO GIRA SOL,ENTREGUE,2026-08-13,17:27:00,LEONARDO,Transferido,Faturado,13/08/2026 17:28:10,,,,,,,,,,FELIPE,17/08/2026 11:26:22,499.7
3538,NORMAL,HC,12609225,"R$ 4.990,00",INDEPENDENCIA,ENTREGUE,2026-08-14,09:03:00,CAMILA,Transferido,Faturado,14/08/2026 09:03:13,,VICTOR,,20/08/26,13:29,,,,(N) ACELLO 815 156 CV,FELIPE,17/08/2026 11:23:37,4990.0
3561,NORMAL,HC,12609300,"R$ 4.866,00",PORANGA,ENTREGUE,2026-08-14,17:05:00,LEONARDO,Transferido,Faturado,14/08/2026 17:05:22,,VICTOR,,27/08/26,15:10,,,,(N) ACELLO 815 156 CV,FELIPE,17/08/2026 11:20:36,4866.0
3562,PROGRAMADO,HC,12609291,"R$ 12.370,00",IPAPORANGA,PROGRAMADO,2026-08-14,17:35:00,LIMA,Transferido,Faturado,14/08/2026 17:36:48,,,,,,,,,,FELIPE,17/08/2026 11:20:17,12370.0
3563,NORMAL,HC,12609209,"R$ 11.010,00",REALEJO,ENTREGUE,2026-08-14,17:40:00,LEONARDO,Transferido,Faturado,14/08/2026 17:40:52,,FELIPE,,28/08/26,09:35,,,,ACELLO 815 156 CV,FELIPE,17/08/2026 11:19:51,11010.0
3564,CARRO HORARIO,HC,12609322,"R$ 175,90",VILA GRACA,ENTREGUE,2026-08-15,08:01:00,CAMILA,Transferido,Faturado,15/08/2026 08:03:00,,,,,,,,,,FELIPE,17/08/2026 11:19:27,175.9
3566,NORMAL,NLC,8507237,"R$ 176,00",IPAPORANGA,ENTREGUE,2026-08-15,08:13:00,GEISI,Transferido,Faturado,15/08/2026 10:18:02,,JULIO,,21/08/26,10:49,,,,KIA BONGO,,,176.0
3588,NORMAL,HC,12609385,"R$ 352,81",SUCESSO,ENTREGUE,2026-08-15,13:22:00,MASCILON,Transferido,Faturado,15/08/2026 13:26:18,,JULIO,,17/08/26,10:54,,,,KIA BONGO,FELIPE,17/08/2026 11:12:54,352.81
3590,CARRO HORARIO,HC,12609401,"R$ 14,10",IBIAPABA,ENTREGUE,2026-08-17,08:54:00,CAMILA,Transferido,Faturado,17/08/2026 08:54:59,,,,,,,,,,,,14.1
3601,URGENTE,NLC,8507243,"R$ 5.180,00",NOVO ORIENTE,ENTREGUE,2026-08-17,11:55:00,GEISI,Transferido,Faturado,17/08/2026 15:54:41,,VICTOR,,18/08/26,10:39,,,,(N) ACELLO 815 156 CV,,,5180.0
3605,NORMAL,NLC,8507254,"R$ 1.437,00",INDEPENDENCIA,ENTREGUE,2026-08-17,12:56:00,GEISI,Transferido,Faturado,17/08/2026 15:23:43,,VICTOR,,20/08/26,11:42,,,,(N) ACELLO 815 156 CV,,,1437.0
3608,NORMAL,HC,12609442,"R$ 200,00",INDEPENDENCIA,ENTREGUE,2026-08-17,15:02:00,CAMILA,Transferido,Faturado,17/08/2026 15:02:33,,VICTOR,,20/08/26,12:39,,,,(N) ACELLO 815 156 CV,FELIPE,17/08/2026 16:42:59,200.0
3609,NORMAL,NLC,8507257,"R$ 2.183,00",INDEPENDENCIA,ENTREGUE,2026-08-17,15:16:00,GEISI,Transferido,Faturado,17/08/2026 15:25:45,,VICTOR,,20/08/26,10:43,,,,(N) ACELLO 815 156 CV,,,2183.0
3610,NORMAL,NLC,8507259,"R$ 585,00",INDEPENDENCIA,ENTREGUE,2026-08-17,15:34:00,GEISI,Transferido,Faturado,17/08/2026 15:55:15,,VICTOR,,20/08/26,10:44,,,,(N) ACELLO 815 156 CV,,,585.0
3615,NORMAL,HC,12609422,"R$ 884,00",PORANGA,ENTREGUE,2026-08-17,17:21:00,MASCILON,Transferido,Faturado,17/08/2026 17:22:11,,,,,,,,,,FELIPE,18/08/2026 17:29:36,884.0
3616,NORMAL,HC,12609444,"R$ 945,00",PORANGA,ENTREGUE,2026-08-17,17:49:00,LEONARDO,Transferido,Faturado,17/08/2026 17:53:01,,VICTOR,,27/08/26,15:11,,,,(N) ACELLO 815 156 CV,FELIPE,18/08/2026 09:07:24,945.0
3617,URGENTE,HC,12609420,"R$ 308,90",IPAPORANGA,ENTREGUE,2026-08-17,07:30:00,LEONARDO,Transferido,Faturado,18/08/2026 07:34:18,,,,,,,,,,FELIPE,18/08/2026 17:28:34,308.9
3624,NORMAL,HC,12609476,"R$ 3.140,76",REALEJO,ENTREGUE,2026-08-18,09:31:00,CAMILA,Transferido,Faturado,18/08/2026 09:35:16,,FELIPE,,28/08/26,10:45,,,,ACELLO 815 156 CV,FELIPE,18/08/2026 17:27:21,3140.76
3629,URGENTE,HC,12609487,"R$ 215,00",INDEPENDENCIA,ENTREGUE,2026-08-18,10:12:00,CAMILA,Transferido,Faturado,18/08/2026 10:15:57,,VICTOR,,20/08/26,12:41,,,,(N) ACELLO 815 156 CV,FELIPE,18/08/2026 11:31:35,215.0
3632,NORMAL,NLC,8507268,"R$ 1.415,00",INDEPENDENCIA,ENTREGUE,2026-08-18,11:10:00,GEISI,Transferido,Faturado,18/08/2026 11:31:25,,VICTOR,,20/08/26,10:46,,,,(N) ACELLO 815 156 CV,,,1415.0
3635,URGENTE,HC,12609505,"R$ 1.180,41",TAMBORIL,ENTREGUE,2026-08-18,11:27:00,MASCILON,Transferido,Faturado,18/08/2026 11:27:15,,,,,,,,,,FELIPE,18/08/2026 11:29:41,1180.41
3636,URGENTE,HC,12609491,"R$ 1.149,80",IPAPORANGA,ENTREGUE,2026-08-18,11:28:00,LEONARDO,Transferido,Faturado,18/08/2026 11:29:14,,JULIO,,21/08/26,10:48,,,,KIA BONGO,FELIPE,18/08/2026 11:29:43,1149.8
3642,CARRO HORARIO,HC,12609547,"R$ 1.224,25",MONTE NEBO,ENTREGUE,2026-08-18,15:47:00,CAMILA,Transferido,Faturado,18/08/2026 15:48:07,,JULIO,,19/08/26,08:52,,,,KIA BONGO,FELIPE,18/08/2026 17:25:38,1224.25
3643,NORMAL,HC,12609492,"R$ 22.976,00",BURITI DOS MONTES,ENTREGUE,2026-08-18,15:49:00,CAMILA,Transferido,Faturado,18/08/2026 15:52:38,,VICTOR,,09/09/26,11:32,,,,(N) ACELLO 815 156 CV,FELIPE,18/08/2026 17:25:16,22976.0
3676,NORMAL,HC,12609639,"R$ 1.467,00",INDEPENDENCIA,ENTREGUE,2026-08-19,17:12:00,CAMILA,Transferido,Faturado,19/08/2026 17:12:27,,VICTOR,,20/08/26,12:39,,,,(N) ACELLO 815 156 CV,FELIPE,20/08/2026 11:05:59,1467.0
3680,URGENTE,NLC,8507295,"R$ 441,49",INDEPENDENCIA,ENTREGUE,2026-08-20,08:06:00,GEISI,Transferido,Faturado,20/08/2026 08:52:59,,,,,,,,,,,,441.49
3709,NORMAL,HC,12609664,"R$ 8.760,15",INDEPENDENCIA,ENTREGUE,2026-08-20,17:45:00,LIMA,Transferido,Faturado,20/08/2026 17:49:29,,VICTOR,,28/08/26,11:09,,,,(N) ACELLO 815 156 CV,,,8760.15
3738,NORMAL,HC,12609808,"R$ 836,56",VILA GRACA,ENTREGUE,2026-08-21,17:06:00,LIMA,Transferido,Faturado,21/08/2026 17:07:25,,,,,,,,,,FELIPE,24/08/2026 11:07:26,836.56
3741,NORMAL,HC,12609790,"R$ 4.180,47",INDEPENDENCIA,ENTREGUE,2026-08-21,17:37:00,MASCILON,Transferido,Faturado,21/08/2026 17:40:52,,VICTOR,,28/08/26,11:46,,,,(N) ACELLO 815 156 CV,FELIPE,24/08/2026 11:07:11,4180.47
3744,NORMAL,HC,12609829,"R$ 516,90",IPAPORANGA,ENTREGUE,2026-08-22,08:18:00,LIMA,Transferido,Faturado,22/08/2026 08:27:59,,,,,,,,,,FELIPE,24/08/2026 11:06:05,516.9
3746,NORMAL,NLC,8507336,"R$ 1.123,00",IPAPORANGA,ENTREGUE,2026-08-22,09:50:00,GEISI,Transferido,Faturado,22/08/2026 11:46:44,,JULIO,,25/08/26,11:43,,,,KIA BONGO,,,1123.0
3753,NORMAL,NLC,8507328,"R$ 2.035,50",IPAPORANGA,ENTREGUE,2026-08-22,11:24:00,GEISI,Transferido,Faturado,22/08/2026 11:48:22,,VICTOR,,27/08/26,09:42,,,,(N) ACELLO 815 156 CV,,,2035.5
3756,CARRO HORARIO,NLC,8507351,"R$ 160,00",MONTE NEBO,ENTREGUE,2026-08-24,07:43:00,GEISI,Transferido,Faturado,24/08/2026 08:01:01,,,,,,,,,,,,160.0
3768,NORMAL,HC,12609915,"R$ 828,00",INDEPENDENCIA,ENTREGUE,2026-08-24,10:37:00,MIKHAELL,Transferido,Faturado,24/08/2026 10:40:05,,VICTOR,,28/08/26,12:04,,,,(N) ACELLO 815 156 CV,FELIPE,24/08/2026 11:01:06,828.0
3785,NORMAL,NLC,8507373,"R$ 2.998,20",NOVA RUSSAS,AGENDADA,2026-08-24,15:54:00,GEISI,Transferido,Faturado,24/08/2026 15:54:23,,,,,,,,,,,,2998.2
3803,NORMAL,HC,12609845,"R$ 13.708,84",REALEJO,ENTREGUE,2026-08-25,10:55:00,LEONARDO,Transferido,Faturado,25/08/2026 10:55:19,,,,,,,,Faltou 1 cx Gioia oro(quebrada),,FELIPE,26/08/2026 09:02:18,13708.84
3807,NORMAL,SGE,035784,"R$ 268,90",REALEJO,ENTREGUE,2026-08-25,11:31:00,LEONARDO,Transferido,Faturado,25/08/2026 11:31:20,,,,,,,,,,FELIPE,26/08/2026 09:02:04,268.9
3808,NORMAL,HC,126010027,"R$ 269,55",IPAPORANGA,AGENDADA,2026-08-25,12:01:00,MASCILON,Transferido,Faturado,25/08/2026 12:01:48,,,,,,,,,,FELIPE,26/08/2026 09:03:30,269.55
3811,URGENTE,HC,126010046,"R$ 97,00",INDEPENDENCIA,ENTREGUE,2026-08-25,14:12:00,CAMILA,Transferido,Faturado,25/08/2026 14:16:17,,JULIO,,25/08/26,15:09,,,,KIA BONGO,FELIPE,27/08/2026 09:03:32,97.0
3812,NORMAL,NLC,8507393,"R$ 4.368,46",IPAPORANGA,ENTREGUE,2026-08-25,14:45:00,GEISI,Transferido,Faturado,25/08/2026 14:46:03,,VICTOR,,01/09/26,09:45,,,,(N) ACELLO 815 156 CV,,,4368.46
3814,NORMAL,NLC,8507395,"R$ 227,81",INDEPENDENCIA,AGENDADA,2026-08-25,15:07:00,GEISI,Transferido,Faturado,25/08/2026 15:25:06,,,,,,,,,,,,227.81
3839,NORMAL,NLC,8507407,"R$ 3.289,95",INDEPENDENCIA,AGENDADA,2026-08-26,11:35:00,GEISI,Transferido,Faturado,26/08/2026 14:21:42,,,,,,,,,,,,3289.95
3842,NORMAL,HC,126010120,"R$ 3.522,00",PORANGA,ENTREGUE,2026-08-26,12:18:00,MASCILON,Transferido,Faturado,26/08/2026 12:18:45,,VICTOR,,01/09/26,13:24,,,,(N) ACELLO 815 156 CV,FELIPE,27/08/2026 09:08:33,3522.0
3843,NORMAL,HC,126010125,"R$ 2.444,10",IPAPORANGA,ENTREGUE,2026-08-26,13:04:00,CAMILA,Transferido,Faturado,26/08/2026 13:04:14,,VICTOR,,01/09/26,11:21,,,,(N) ACELLO 815 156 CV,FELIPE,27/08/2026 09:08:16,2444.1
3851,NORMAL,HC,126010144,"R$ 1.134,30",TAMBORIL,AGENDADA,2026-08-26,15:24:00,MIKHAELL,Transferido,Faturado,26/08/2026 16:22:13,,,,,,,,,,FELIPE,27/08/2026 09:06:29,1134.3
3853,NORMAL,HC,126010149,"R$ 2.155,90",INDEPENDENCIA,ENTREGUE,2026-08-26,16:04:00,CAMILA,Transferido,Faturado,26/08/2026 16:04:53,,VICTOR,,28/08/26,10:33,,,,(N) ACELLO 815 156 CV,FELIPE,27/08/2026 09:06:47,2155.9
3863,NORMAL,HC,126010170,"R$ 919,00",IPAPORANGA,ENTREGUE,2026-08-27,08:49:00,CAMILA,Transferido,Faturado,27/08/2026 08:50:12,,,,,,,,,,FELIPE,27/08/2026 09:01:34,919.0
3868,CARRO HORARIO,HC,126010174,"R$ 458,00",IBIAPABA,ENTREGUE,2026-08-27,09:21:00,CAMILA,Transferido,Faturado,27/08/2026 09:23:29,,,,,,,,,,FELIPE,27/08/2026 10:49:07,458.0
3882,NORMAL,HC,126010220,"R$ 217,25",INDEPENDENCIA,ENTREGUE,2026-08-27,15:13:00,MIKHAELL,Transferido,Faturado,27/08/2026 15:17:14,,VICTOR,,28/08/26,12:56,,,,(N) ACELLO 815 156 CV,JULIO CEZAR,31/08/2026 09:48:39,217.25
3888,NORMAL,HC,126010234,"R$ 1.883,30",PORANGA,ENTREGUE,2026-08-27,17:51:00,MASCILON,Transferido,Faturado,27/08/2026 17:51:43,,,,,,,,,,FELIPE,31/08/2026 09:28:03,1883.3
3892,NORMAL,NLC,8507441,"R$ 1.788,02",SUCESSO,ENTREGUE,2026-08-28,09:58:00,GEISI,Transferido,Faturado,28/08/2026 10:37:27,,VICTOR,,11/09/26,09:42,,,,(N) ACELLO 815 156 CV,,,1788.02
3896,NORMAL,HC,126010252,"R$ 2.000,00",BARRA DOS SIMIOES,PARCIAL,2026-08-28,10:44:00,LEONARDO,Transferido,Faturado,28/08/2026 10:45:06,,FELIPE,,01/09/26,11:17,,,Argamassa na nota errada,KIA BONGO,JULIO CEZAR,01/09/2026 08:59:43,2000.0
3919,NORMAL,HC,126010329,"R$ 100,74",INDEPENDENCIA,ENTREGUE,2026-08-29,09:49:00,LIMA,Transferido,Faturado,29/08/2026 09:53:04,,,,,,,,,,FELIPE,31/08/2026 09:19:03,100.74
3922,NORMAL,HC,126010347,"R$ 2.379,64",NOVO ORIENTE,AGENDADA,2026-08-29,10:38:00,MASCILON,Transferido,Faturado,29/08/2026 10:42:13,,,,,,,,,,,,2379.64
3924,NORMAL,NLC,8507463,"R$ 3.780,00",PORANGA,ENTREGUE,2026-08-29,11:41:00,GEISI,Transferido,Faturado,29/08/2026 12:00:20,,VICTOR,,03/09/26,13:43,,,,(N) ACELLO 815 156 CV,,,3780.0
3925,NORMAL,HC,126010335,"R$ 2.312,92",ARARENDA,ENTREGUE,2026-08-29,09:31:00,MASCILON,Transferido,Faturado,31/08/2026 07:38:56,,,,,,,,,,FELIPE,31/08/2026 09:16:37,2312.92
